/*album */

insert into album ("name" , year_album) values ('The Island of Christianity: Armenia and Artsakh', 2020) 
insert into album ("name" , year_album) values ('Bohemian Rhapsody', 2018) 
insert into album ("name" , year_album) values ('Folklore', 2020) 
insert into album ("name" , year_album) values ('Shakira in Concert: El Dorado World Tour', 2019) 
insert into album ("name" , year_album) values ('The Lion King: The Gift', 2019) 
insert into album ("name" , year_album) values ('Chromatica', 2020) 
insert into album ("name" , year_album) values ('Positions', 2020) 
insert into album ("name" , year_album) values ('All I Know So Far: Setlist', 2021)
insert into album ("name" , year_album) values ('Time machine', 2021) 
insert into album ("name" , year_album) values ('Man of the Woods', 2018) 


/*list_tracks*/

insert into list_tracks ("name_track", duration_min, id_album) values ('Krunk', 5.18, 1)
insert into list_tracks ("name_track", duration_min, id_album) values ('Chinar Es', 3.34, 1)
insert into list_tracks ("name_track", duration_min, id_album) values ('Habanera', 4.32, 1)
insert into list_tracks ("name_track", duration_min, id_album) values ('Lascia Ch?Io Pianga', 4.09, 1)
insert into list_tracks ("name_track", duration_min, id_album) values ('Dignare', 1.34, 1)
insert into list_tracks ("name_track", duration_min, id_album) values ('Ave Maria of F. Schubert', 4.13, 1)
insert into list_tracks ("name_track", duration_min, id_album) values ('Like a Dream', 4.14, 1)
insert into list_tracks ("name_track", duration_min, id_album) values ('Is This the World We Created ',2.35, 1)


insert into list_tracks ("name_track", duration_min, id_album) values ('Somebody to love ', 4.55, 2)
insert into list_tracks ("name_track", duration_min, id_album) values ('doing All Right', 3.16, 2)
insert into list_tracks ("name_track", duration_min, id_album) values ('Keep Yourself Alive', 3.56, 2)
insert into list_tracks ("name_track", duration_min, id_album) values ('Killer Queen', 2.59, 2)
insert into list_tracks ("name_track", duration_min, id_album) values ('Fat Bottomed Girls',4.37, 2)
insert into list_tracks ("name_track", duration_min, id_album) values ('Bohemian Rhapsody', 5.54, 2)
insert into list_tracks ("name_track", duration_min, id_album) values ('Now I m here', 4.25, 2)
insert into list_tracks ("name_track", duration_min, id_album) values ('I want to break free', 3.43, 2)

insert into list_tracks ("name_track", duration_min, id_album) values ('The 1', 3.30, 3)
insert into list_tracks ("name_track", duration_min, id_album) values ('Cardigan', 3.59, 3)
insert into list_tracks ("name_track", duration_min, id_album) values ('The Last Great American Dynasty ', 3.51, 3)
insert into list_tracks ("name_track", duration_min, id_album) values ('Exile', 4.45, 3)
insert into list_tracks ("name_track", duration_min, id_album) values ('My Tears Ricochet',4.15, 3)
insert into list_tracks ("name_track", duration_min, id_album) values ('Mirrorball', 4.29, 3)
insert into list_tracks ("name_track", duration_min, id_album) values ('Seven', 3.28, 3)
insert into list_tracks ("name_track", duration_min, id_album) values ('August', 4.21, 3)

insert into list_tracks ("name_track", duration_min, id_album) values ('Estoy Aqu?/?D?nde Est?s Coraz?n?  ', 5.05, 4)
insert into list_tracks ("name_track", duration_min, id_album) values ('She Wolf', 5.40, 4)
insert into list_tracks ("name_track", duration_min, id_album) values ('Whenever, Wherever', 6.21, 4)
insert into list_tracks ("name_track", duration_min, id_album) values ('Inevitable', 3.33, 3)
insert into list_tracks ("name_track", duration_min, id_album) values ('Cant Remember to Forget You',3.48, 4)
insert into list_tracks ("name_track", duration_min, id_album) values ('Underneath Your Clothes', 3.08, 4)
insert into list_tracks ("name_track", duration_min, id_album) values ('Hips Dont Lie', 6.22, 4)
insert into list_tracks ("name_track", duration_min, id_album) values ('T?', 3.17, 4)

insert into list_tracks ("name_track", duration_min, id_album) values ('BALANCE', 00.45, 5)
insert into list_tracks ("name_track", duration_min, id_album) values ('BIGGER', 03.46, 5)
insert into list_tracks ("name_track", duration_min, id_album) values ('THE STARS', 00.46, 5)
insert into list_tracks ("name_track", duration_min, id_album) values ('FIND YOUR WAY BACK', 02.42, 3)
insert into list_tracks ("name_track", duration_min, id_album) values ('UNCLE SCAR',00.13, 5)
insert into list_tracks ("name_track", duration_min, id_album) values ('DON T JEALOUS ME', 02.36, 5)
insert into list_tracks ("name_track", duration_min, id_album) values ('DANGER', 00.17, 5)
insert into list_tracks ("name_track", duration_min, id_album) values ('MOOD 4 EVA', 04.32, 5)

insert into list_tracks ("name_track", duration_min, id_album) values ('Chromatica I', 01.00, 6)
insert into list_tracks ("name_track", duration_min, id_album) values ('Alice', 02.57, 6)
insert into list_tracks ("name_track", duration_min, id_album) values ('THE STARS', 00.46, 6)
insert into list_tracks ("name_track", duration_min, id_album) values ('Stupid Love', 03.13, 6)
insert into list_tracks ("name_track", duration_min, id_album) values ('Rain On Me',03.02, 6)
insert into list_tracks ("name_track", duration_min, id_album) values ('Free Woman', 03.11, 6)
insert into list_tracks ("name_track", duration_min, id_album) values ('Fun Tonight', 02.53, 6)
insert into list_tracks ("name_track", duration_min, id_album) values ('Chromatica II', 00.41, 6)

insert into list_tracks ("name_track", duration_min, id_album) values ('Shut Up', 02.37, 7)
insert into list_tracks ("name_track", duration_min, id_album) values ('34+35', 02.53, 7)
insert into list_tracks ("name_track", duration_min, id_album) values ('Motive', 02.47, 7)
insert into list_tracks ("name_track", duration_min, id_album) values ('Just Like Magic', 02.29, 7)
insert into list_tracks ("name_track", duration_min, id_album) values ('Off the Table',03.59, 7)
insert into list_tracks ("name_track", duration_min, id_album) values ('Six Thirty', 03.11, 7)
insert into list_tracks ("name_track", duration_min, id_album) values ('Safety Net', 03.28, 7)
insert into list_tracks ("name_track", duration_min, id_album) values ('My Hair', 02.38, 7)

insert into list_tracks ("name_track", duration_min, id_album) values ('Just Like a Pill', 04.04, 8)
insert into list_tracks ("name_track", duration_min, id_album) values ('Who Knew', 03.32, 8)
insert into list_tracks ("name_track", duration_min, id_album) values ('Funhouse" / "Just a Girl', 06.18, 8)
insert into list_tracks ("name_track", duration_min, id_album) values ('River', 03.36, 8)
insert into list_tracks ("name_track", duration_min, id_album) values ('Just Give Me a Reason',04.38, 8)
insert into list_tracks ("name_track", duration_min, id_album) values ('Time After Time', 03.26, 8)
insert into list_tracks ("name_track", duration_min, id_album) values ('Walk Me Home', 02.57, 8)
insert into list_tracks ("name_track", duration_min, id_album) values ('I Am Here', 05.28, 8)

insert into list_tracks ("name_track", duration_min, id_album) values ('Time machine', 02.12, 9)
insert into list_tracks ("name_track", duration_min, id_album) values ('Deep End ', 03.40, 9)
insert into list_tracks ("name_track", duration_min, id_album) values ('My slime', 03.39, 9)
insert into list_tracks ("name_track", duration_min, id_album) values ('Enjoy the silence', 02.29, 9)
insert into list_tracks ("name_track", duration_min, id_album) values ('I don t love you no more',03.47, 9)
insert into list_tracks ("name_track", duration_min, id_album) values ('Clap for him', 03.00, 9)
insert into list_tracks ("name_track", duration_min, id_album) values ('Paper plane', 02.25, 9)
insert into list_tracks ("name_track", duration_min, id_album) values ('2 l8', 03.09, 9)

insert into list_tracks ("name_track", duration_min, id_album) values ('Filthy', 04.53, 10)
insert into list_tracks ("name_track", duration_min, id_album) values ('Midnight Summer Jam', 05.12, 10)
insert into list_tracks ("name_track", duration_min, id_album) values ('Sauce', 04.05, 10)
insert into list_tracks ("name_track", duration_min, id_album) values ('Man of the Woods', 04.03, 10)
insert into list_tracks ("name_track", duration_min, id_album) values ('Higher, Higher',04.18, 10)
insert into list_tracks ("name_track", duration_min, id_album) values ('Wave', 04.24, 10)
insert into list_tracks ("name_track", duration_min, id_album) values ('Supplies', 03.45, 10)
insert into list_tracks ("name_track", duration_min, id_album) values ('Morning Light', 04.02, 10)


/*
collection
*/

insert into collection ("name" , year_album) values ('Soul music fest ', 2018)
insert into collection ("name" , year_album) values ('National POP Dance music', 2018)
insert into collection ("name" , year_album) values ('Super collection', 2019)
insert into collection ("name" , year_album) values ('Summer Rays', 2019)
insert into collection ("name" , year_album) values ('Just chill out', 2020)
insert into collection ("name" , year_album) values ('Sanremo', 2020)
insert into collection ("name" , year_album) values ('Two elements', 2021)
insert into collection ("name" , year_album) values ('The great music', 2021)


/*
collection_tracks
*/

insert into collection_tracks (id_collection , id_list_tracks) values (1, 1)
insert into collection_tracks (id_collection , id_list_tracks) values (1, 10)
insert into collection_tracks (id_collection , id_list_tracks) values (1, 15)
insert into collection_tracks (id_collection , id_list_tracks) values (1, 20)
insert into collection_tracks (id_collection , id_list_tracks) values (1, 25)
insert into collection_tracks (id_collection , id_list_tracks) values (1, 30)
insert into collection_tracks (id_collection , id_list_tracks) values (1, 35)
insert into collection_tracks (id_collection , id_list_tracks) values (1, 40)

insert into collection_tracks (id_collection , id_list_tracks) values (2, 2)
insert into collection_tracks (id_collection , id_list_tracks) values (2, 12)
insert into collection_tracks (id_collection , id_list_tracks) values (2, 27)
insert into collection_tracks (id_collection , id_list_tracks) values (2, 36)
insert into collection_tracks (id_collection , id_list_tracks) values (2, 45)
insert into collection_tracks (id_collection , id_list_tracks) values (2, 57)
insert into collection_tracks (id_collection , id_list_tracks) values (2, 63)
insert into collection_tracks (id_collection , id_list_tracks) values (2, 77)

insert into collection_tracks (id_collection , id_list_tracks) values (3, 3)
insert into collection_tracks (id_collection , id_list_tracks) values (3, 11)
insert into collection_tracks (id_collection , id_list_tracks) values (3, 17)
insert into collection_tracks (id_collection , id_list_tracks) values (3, 26)
insert into collection_tracks (id_collection , id_list_tracks) values (3, 35)
insert into collection_tracks (id_collection , id_list_tracks) values (3, 47)
insert into collection_tracks (id_collection , id_list_tracks) values (3, 53)
insert into collection_tracks (id_collection , id_list_tracks) values (3, 67)

insert into collection_tracks (id_collection , id_list_tracks) values (4, 4)
insert into collection_tracks (id_collection , id_list_tracks) values (4, 14)
insert into collection_tracks (id_collection , id_list_tracks) values (4, 21)
insert into collection_tracks (id_collection , id_list_tracks) values (4, 31)
insert into collection_tracks (id_collection , id_list_tracks) values (4, 39)
insert into collection_tracks (id_collection , id_list_tracks) values (4, 43)
insert into collection_tracks (id_collection , id_list_tracks) values (4, 58)
insert into collection_tracks (id_collection , id_list_tracks) values (4, 71)


insert into collection_tracks (id_collection , id_list_tracks) values (5, 5)
insert into collection_tracks (id_collection , id_list_tracks) values (5, 19)
insert into collection_tracks (id_collection , id_list_tracks) values (5, 26)
insert into collection_tracks (id_collection , id_list_tracks) values (5, 36)
insert into collection_tracks (id_collection , id_list_tracks) values (5, 44)
insert into collection_tracks (id_collection , id_list_tracks) values (5, 48)
insert into collection_tracks (id_collection , id_list_tracks) values (5, 62)
insert into collection_tracks (id_collection , id_list_tracks) values (5, 76)

/*genres*/

insert into genres ("name") values ('POP')
insert into genres ("name") values ('ROCK')
insert into genres ("name") values ('HIP HOP')
insert into genres ("name") values ('RAP')
insert into genres ("name") values ('R&B')
insert into genres ("name") values ('Jazz')
insert into genres ("name") values ('Disco')
insert into genres ("name") values ('Electronic')
insert into genres ("name") values ('Opera')

/*genres_artist*/

insert into genres_artist (id_genre , id_artist) values (3, 2) 
insert into genres_artist (id_genre , id_artist) values (5, 2) 
insert into genres_artist (id_genre , id_artist) values (7, 2) 
insert into genres_artist (id_genre , id_artist) values (3, 2) 
insert into genres_artist (id_genre , id_artist) values (3, 3) 
insert into genres_artist (id_genre , id_artist) values (4, 3) 
insert into genres_artist (id_genre , id_artist) values (4, 4) 
insert into genres_artist (id_genre , id_artist) values (3, 4) 
insert into genres_artist (id_genre , id_artist) values (7, 4) 
insert into genres_artist (id_genre , id_artist) values (7, 5) 
insert into genres_artist (id_genre , id_artist) values (3, 5) 
insert into genres_artist (id_genre , id_artist) values (3, 6) 
insert into genres_artist (id_genre , id_artist) values (5, 6) 
insert into genres_artist (id_genre , id_artist) values (7, 6) 
insert into genres_artist (id_genre , id_artist) values (3, 7) 
insert into genres_artist (id_genre , id_artist) values (7, 7) 
insert into genres_artist (id_genre , id_artist) values (7, 8) 
insert into genres_artist (id_genre , id_artist) values (3, 8) 
insert into genres_artist (id_genre , id_artist) values (5, 8) 
insert into genres_artist (id_genre , id_artist) values (7, 8) 
insert into genres_artist (id_genre , id_artist) values (7, 9) 
insert into genres_artist (id_genre , id_artist) values (4, 9) 
insert into genres_artist (id_genre , id_artist) values (9, 9) 
insert into genres_artist (id_genre , id_artist) values (9, 10) 
insert into genres_artist (id_genre , id_artist) values (11, 10) 

/*artist*/

insert into genres ("name", age) values ('Justin Timberlake', 40)
insert into genres ("name", age) values ('Foushee ', 29)
insert into genres ("name", age) values ('PINK', 48)
insert into genres ("name", age) values ('Ariana Grande-Butera', 28)
insert into genres ("name", age) values ('Lady Gaga', 35)
insert into genres ("name", age) values ('Beyonc?', 39)
insert into genres ("name", age) values ('Shakira', 44)
insert into genres ("name", age) values ('Тейлор Свифт', 31)
insert into genres ("name", age) values ('Freddie Mercury', 45)
insert into genres ("name", age) values ('Montserrat Caball?', 85)

/*artist_album*/

insert into artist_album (id_artist , id_album) values (1, 10) 
insert into artist_album (id_artist , id_album) values (2, 9) 
insert into artist_album (id_artist , id_album) values (3, 8) 
insert into artist_album (id_artist , id_album) values (4, 7) 
insert into artist_album (id_artist , id_album) values (5, 6) 
insert into artist_album (id_artist , id_album) values (6, 5) 
insert into artist_album (id_artist , id_album) values (7, 4) 
insert into artist_album (id_artist , id_album) values (8, 3) 
insert into artist_album (id_artist , id_album) values (9, 2) 
insert into artist_album (id_artist , id_album) values (10, 1) 










